donor_id,name,blood_group,age,last_donation_date,phone,gender,is_available,latitude,longitude,eligibility_status,data_source
DNR-001,Esha Singh,A+,52,2026-06-22 16:08:37.130027,7599310825,Male,False,19.197067,72.959878,eligible,synthetic_demo
DNR-002,Nisha Shah,A-,59,2026-05-04 16:08:37.130307,9410529190,Other,False,19.03609,72.815432,eligible,synthetic_demo
DNR-003,Aarav Joshi,B+,39,2026-01-09 16:08:37.130350,9998485882,Female,True,19.03906,72.85361,eligible,synthetic_demo
DNR-004,Ananya Malhotra,B-,40,2026-02-11 16:08:37.130375,7415393687,Other,False,19.064461,72.85653,eligible,synthetic_demo
DNR-005,Jiya Nair,AB+,58,2026-03-16 16:08:37.130396,9370996465,Other,False,19.071087,72.831311,eligible,synthetic_demo
DNR-006,Tanvi Singh,AB-,32,2026-07-04 16:08:37.130417,8242911821,Male,False,19.036914,72.878178,eligible,synthetic_demo
DNR-007,Chetan Kapoor,O+,60,2026-04-28 16:08:37.130435,8525876051,Female,True,19.063471,72.901406,eligible,synthetic_demo
DNR-008,Esha Joshi,O-,35,2026-01-31 16:08:37.130453,8985392498,Other,True,19.059049,72.901407,eligible,synthetic_demo
DNR-009,Aditi Singh,A+,43,2026-03-05 16:08:37.130472,7137869475,Female,True,19.207714,72.961216,eligible,synthetic_demo
DNR-010,Uday Desai,A-,49,2025-09-12 16:08:37.130490,7913224047,Female,False,19.062257,72.868059,eligible,synthetic_demo
DNR-011,Om Verma,B+,55,2026-01-06 16:08:37.130511,9510777721,Female,False,19.006544,72.831431,eligible,synthetic_demo
DNR-012,Manav Nair,B-,27,2026-06-18 16:08:37.130529,7202363285,Other,True,19.066466,72.846617,eligible,synthetic_demo
DNR-013,Jiya Chopra,AB+,53,2026-04-07 16:08:37.130548,9272528809,Male,True,19.212608,72.925976,eligible,synthetic_demo
DNR-014,Yash Desai,AB-,45,2026-03-16 16:08:37.130566,7479112937,Male,False,19.235739,72.960344,eligible,synthetic_demo
DNR-015,Farah Joshi,O+,58,2026-06-20 16:08:37.130584,9180476188,Female,True,19.082291,72.848293,eligible,synthetic_demo
DNR-016,Yash Shah,O-,49,2026-03-01 16:08:37.130602,9572447412,Male,True,19.011996,72.827177,eligible,synthetic_demo
DNR-017,Gaurav Singh,A+,54,2026-04-12 16:08:37.130621,7248786714,Male,True,19.138636,72.921983,eligible,synthetic_demo
DNR-018,Yash Mehta,A-,48,2025-09-10 16:08:37.130639,7551437149,Other,True,19.1603,72.914961,eligible,synthetic_demo
DNR-019,Diya Iyer,B+,60,2026-01-21 16:08:37.130660,8338811290,Other,False,19.067184,72.89003,eligible,synthetic_demo
DNR-020,Ananya Desai,B-,53,2025-10-16 16:08:37.130679,7090341465,Male,True,19.207481,72.846374,eligible,synthetic_demo
DNR-021,Esha Nair,AB+,22,2026-02-25 16:08:37.130697,7134917627,Other,True,19.03815,72.836055,eligible,synthetic_demo
DNR-022,Bhavna Sood,AB-,44,2025-12-14 16:08:37.130714,8043665192,Male,True,19.074249,72.870412,eligible,synthetic_demo
DNR-023,Karan Chopra,O+,59,2025-09-03 16:08:37.130732,7232663462,Other,True,19.121549,72.862415,eligible,synthetic_demo
DNR-024,Arjun Singh,O-,52,2026-05-08 16:08:37.130752,7822873088,Female,True,19.054731,72.821465,eligible,synthetic_demo
DNR-025,Ananya Chopra,A+,21,2026-06-24 16:08:37.130770,9363629219,Other,True,19.152874,72.847031,eligible,synthetic_demo
DNR-026,Chetan Reddy,A-,31,2025-12-10 16:08:37.130788,9085812759,Female,True,19.134918,72.887135,eligible,synthetic_demo
DNR-027,Farah Chopra,B+,53,2026-01-09 16:08:37.130807,8225136114,Other,False,19.012249,72.868365,eligible,synthetic_demo
DNR-028,Aditi Patel,B-,21,2026-07-15 16:08:37.130826,8346922426,Other,False,19.002795,72.829985,not_eligible,synthetic_demo
DNR-029,Aditi Nair,AB+,56,2026-07-09 16:08:37.130845,7798112150,Male,True,19.250669,72.858556,not_eligible,synthetic_demo
DNR-030,Esha Patel,AB-,44,2026-07-03 16:08:37.130863,9660223333,Other,False,19.149694,72.868414,eligible,synthetic_demo
DNR-031,Esha Verma,O+,60,2026-06-07 16:08:37.130881,8699887270,Other,False,19.051013,72.89551,eligible,synthetic_demo
DNR-032,Ananya Shah,O-,54,2025-09-29 16:08:37.130898,8968321319,Male,True,19.178309,72.861393,eligible,synthetic_demo
DNR-033,Ishaan Nair,A+,36,2026-02-05 16:08:37.130915,8049193572,Male,False,19.215358,72.84526,eligible,synthetic_demo
DNR-034,Sana Shah,A-,37,2025-11-03 16:08:37.130933,9868450609,Other,True,19.239877,72.862584,eligible,synthetic_demo
DNR-035,Veda Mehta,B+,56,2026-03-22 16:08:37.130950,8169726681,Male,False,19.006523,72.863586,eligible,synthetic_demo
DNR-036,Nisha Sood,B-,23,2026-07-18 16:08:37.130967,8078557553,Other,False,19.050975,72.882346,not_eligible,synthetic_demo
DNR-037,Bhavna Verma,AB+,53,2025-12-30 16:08:37.130987,7693989311,Other,False,19.043004,72.876378,eligible,synthetic_demo
DNR-038,Uday Mehta,AB-,41,2026-07-26 16:08:37.131006,9343292475,Other,True,19.205183,72.835762,not_eligible,synthetic_demo
DNR-039,Aditi Kapoor,O+,60,2026-04-08 16:08:37.131025,7902271852,Male,False,19.150072,72.839313,eligible,synthetic_demo
DNR-040,Rohan Mehta,O-,29,2026-05-22 16:08:37.131042,8016779084,Female,True,19.248907,72.852319,eligible,synthetic_demo
DNR-041,Karan Singh,A+,24,2026-05-24 16:08:37.131063,8145921803,Female,True,19.030128,72.835709,eligible,synthetic_demo
DNR-042,Lavanya Kapoor,A-,32,2026-04-19 16:08:37.131082,8310784794,Male,True,19.173622,72.864629,eligible,synthetic_demo
DNR-043,Yash Verma,B+,50,2025-09-19 16:08:37.131100,8508161137,Female,False,19.160113,72.867118,eligible,synthetic_demo
DNR-044,Chetan Verma,B-,56,2026-06-19 16:08:37.131118,7164313410,Female,False,19.040367,72.85302,eligible,synthetic_demo
DNR-045,Nisha Rao,AB+,30,2025-10-22 16:08:37.131145,8654401763,Female,True,19.175321,72.93332,eligible,synthetic_demo
DNR-046,Om Iyer,AB-,22,2026-01-05 16:08:37.131164,8564319318,Other,False,19.157803,72.937496,eligible,synthetic_demo
DNR-047,Veda Kulkarni,O+,60,2026-03-08 16:08:37.131183,9178074590,Female,False,19.042996,72.917101,eligible,synthetic_demo
DNR-048,Diya Reddy,O-,29,2026-01-31 16:08:37.131200,9855850145,Other,False,19.17856,72.851621,eligible,synthetic_demo
DNR-049,Gaurav Iyer,A+,56,2025-10-21 16:08:37.131218,8846355528,Other,False,19.171097,72.82392,eligible,synthetic_demo
DNR-050,Veda Joshi,A-,36,2026-07-01 16:08:37.131236,9829742424,Other,False,19.184589,72.857581,eligible,synthetic_demo
DNR-051,Tanvi Kulkarni,B+,27,2026-05-04 16:08:37.131253,7964824319,Male,True,19.129521,72.882257,eligible,synthetic_demo
DNR-052,Yash Nair,B-,58,2026-01-13 16:08:37.131269,8955997540,Other,True,19.065797,72.870264,eligible,synthetic_demo
DNR-053,Esha Mehta,AB+,24,2026-08-11 16:08:37.131286,9817747689,Female,True,19.170818,72.936219,not_eligible,synthetic_demo
DNR-054,Lavanya Patel,AB-,25,2026-04-08 16:08:37.131305,9394039673,Female,True,19.033505,72.853896,eligible,synthetic_demo
DNR-055,Rohan Desai,O+,50,2025-10-04 16:08:37.131322,8900838388,Female,False,19.195879,72.873195,eligible,synthetic_demo
DNR-056,Farah Singh,O-,51,2026-03-25 16:08:37.131340,9738735023,Female,True,19.030483,72.842834,eligible,synthetic_demo
DNR-057,Hina Desai,A+,26,2026-07-03 16:08:37.131363,9319936135,Male,True,19.062794,72.895377,eligible,synthetic_demo
DNR-058,Ananya Reddy,A-,52,2026-02-25 16:08:37.131380,8750625978,Female,False,19.178397,72.859221,eligible,synthetic_demo
DNR-059,Yash Malhotra,B+,40,2026-08-10 16:08:37.131398,9048612358,Female,False,19.044942,72.825507,not_eligible,synthetic_demo
DNR-060,Rohan Singh,B-,35,2026-04-23 16:08:37.131415,9096929657,Female,False,19.170611,72.860632,eligible,synthetic_demo
DNR-061,Jiya Joshi,AB+,57,2026-06-09 16:08:37.131432,9007425404,Other,True,19.054043,72.837944,eligible,synthetic_demo
DNR-062,Bhavna Chopra,AB-,34,2026-07-19 16:08:37.131450,7780520225,Female,False,19.173295,72.85705,not_eligible,synthetic_demo
DNR-063,Jiya Verma,O+,23,2026-04-06 16:08:37.131467,8810607153,Female,True,19.039335,72.856575,eligible,synthetic_demo
DNR-064,Ishaan Singh,O-,59,2026-07-09 16:08:37.131484,9792347639,Male,True,19.162971,72.961495,not_eligible,synthetic_demo
DNR-065,Bhavna Singh,A+,60,2025-12-14 16:08:37.131501,7542114964,Male,True,19.026568,72.840719,eligible,synthetic_demo
DNR-066,Chetan Rao,A-,24,2026-03-07 16:08:37.131520,7703368777,Other,True,19.197473,72.862145,eligible,synthetic_demo
DNR-067,Jiya Malhotra,B+,55,2026-07-06 16:08:37.131538,7851819913,Other,True,19.06959,72.905101,eligible,synthetic_demo
DNR-068,Tanvi Rao,B-,40,2026-07-23 16:08:37.131556,9430661792,Other,False,19.12346,72.859779,not_eligible,synthetic_demo
DNR-069,Hina Shah,AB+,24,2025-12-06 16:08:37.131573,8804138557,Female,False,19.210029,72.948098,eligible,synthetic_demo
DNR-070,Bhavna Reddy,AB-,59,2025-11-19 16:08:37.131590,7756502473,Female,False,19.236079,72.945787,eligible,synthetic_demo
DNR-071,Farah Desai,O+,35,2026-06-30 16:08:37.131608,8054393708,Female,True,19.184279,72.860351,eligible,synthetic_demo
DNR-072,Manav Desai,O-,31,2025-12-07 16:08:37.131626,7780996231,Female,False,19.190992,72.857209,eligible,synthetic_demo
DNR-073,Farah Shah,A+,23,2026-05-08 16:08:37.131645,9218897149,Male,False,19.108683,72.910208,eligible,synthetic_demo
DNR-074,Manav Sood,A-,23,2026-08-05 16:08:37.131662,8924895021,Female,True,19.190259,72.835816,not_eligible,synthetic_demo
DNR-075,Pooja Kapoor,B+,51,2025-11-03 16:08:37.131679,9032638323,Female,False,19.178289,72.83921,eligible,synthetic_demo
DNR-076,Lavanya Verma,B-,32,2026-04-07 16:08:37.131696,8316935719,Male,True,19.163519,72.929091,eligible,synthetic_demo
DNR-077,Yash Joshi,AB+,48,2026-04-25 16:08:37.131723,7822662216,Female,False,19.100678,72.907193,eligible,synthetic_demo
DNR-078,Ishaan Joshi,AB-,52,2026-08-06 16:08:37.131742,8298229437,Male,False,19.130231,72.859512,not_eligible,synthetic_demo
DNR-079,Sana Sood,O+,54,2026-08-07 16:08:37.131760,7440610570,Female,False,19.083315,72.832168,not_eligible,synthetic_demo
DNR-080,Aditi Verma,O-,22,2026-06-16 16:08:37.131777,9051831252,Female,False,19.184523,72.833018,eligible,synthetic_demo
DNR-081,Bhavna Mehta,A+,23,2026-03-11 16:08:37.131795,9417377633,Male,True,19.117451,72.879023,eligible,synthetic_demo
DNR-082,Lavanya Chopra,A-,45,2025-10-16 16:08:37.131817,8277121963,Female,True,19.242922,72.862316,eligible,synthetic_demo
DNR-083,Yash Iyer,B+,34,2026-04-27 16:08:37.131836,9686566602,Other,True,19.075305,72.879662,eligible,synthetic_demo
DNR-084,Chetan Shah,B-,56,2025-12-26 16:08:37.131856,8754569613,Female,False,19.005293,72.8467,eligible,synthetic_demo
DNR-085,Uday Chopra,AB+,34,2026-04-16 16:08:37.131883,7305714736,Other,True,19.046174,72.839848,eligible,synthetic_demo
DNR-086,Bhavna Nair,AB-,37,2026-05-21 16:08:37.132006,7256143439,Other,False,19.149439,72.83514,eligible,synthetic_demo
DNR-087,Uday Malhotra,O+,52,2025-11-30 16:08:37.132180,8169288485,Female,False,19.168718,72.858234,eligible,synthetic_demo
DNR-088,Veda Desai,O-,19,2026-04-07 16:08:37.132289,9592930364,Male,True,19.118502,72.889171,eligible,synthetic_demo
DNR-089,Aarav Verma,A+,29,2026-07-24 16:08:37.132381,9474961963,Female,False,19.233298,72.95156,not_eligible,synthetic_demo
DNR-090,Ananya Sood,A-,39,2026-01-16 16:08:37.132439,8494481363,Female,True,19.049874,72.888966,eligible,synthetic_demo
DNR-091,Gaurav Malhotra,B+,47,2026-07-26 16:08:37.132463,9362646960,Male,False,19.00979,72.853784,not_eligible,synthetic_demo
DNR-092,Jiya Shah,B-,47,2025-11-09 16:08:37.132482,9824629834,Female,True,19.056964,72.908209,eligible,synthetic_demo
DNR-093,Manav Chopra,AB+,35,2026-05-01 16:08:37.132503,7221670908,Other,True,19.042522,72.870832,eligible,synthetic_demo
DNR-094,Arjun Shah,AB-,33,2025-10-06 16:08:37.132522,9705925058,Other,True,19.062706,72.894613,eligible,synthetic_demo
DNR-095,Ananya Singh,O+,25,2025-12-20 16:08:37.132541,7487311805,Other,True,19.068342,72.887313,eligible,synthetic_demo
DNR-096,Uday Verma,O-,48,2025-12-09 16:08:37.132558,8784517419,Male,False,19.209133,72.838393,eligible,synthetic_demo
DNR-097,Ananya Verma,A+,50,2026-02-20 16:08:37.132608,8782164134,Female,True,19.211932,72.841531,eligible,synthetic_demo
DNR-098,Pooja Sood,A-,52,2025-12-28 16:08:37.132626,7638212450,Female,False,19.077103,72.901574,eligible,synthetic_demo
DNR-099,Lavanya Desai,B+,54,2026-04-13 16:08:37.132645,7810255760,Female,True,19.122296,72.907572,eligible,synthetic_demo
DNR-100,Jiya Mehta,B-,26,2026-07-26 16:08:37.132665,9127420335,Other,False,19.145882,72.861135,not_eligible,synthetic_demo
